{
  "seconds": 60.0,
  "reset_steps": [],
  "reset_frac": 0.0,
  "linErrorMean": 0.271750108301198,
  "linErrorRms": 0.3834571836509745,
  "linErrorP95": 0.8553672432899475,
  "yawErrorMean": 0.1037413209182981,
  "yawErrorRms": 0.15096986134074497,
  "yawErrorP95": 0.35447031259536743,
  "tilt_mean": 0.03993929763876528,
  "tilt_rms": 0.045366442451340465,
  "tilt_p95": 0.07834465801715851,
  "tilt_max": 0.12230078130960464,
  "base_ang_vel_xy_rms": 0.43998791416162314,
  "shoulder_pitch_abs_p95": 0.19476616382598877,
  "shoulder_roll_abs_p95": 0.42263180017471313,
  "arm_action_saturation_frac": 0.0
}