checkpoint,reset_events_per_env,lin_error_mean,yaw_error_mean,camera_tilt_p95,camera_ang_xy_rms,stand_shoulder_abs_p95,stand_elbow_abs_p95,stand_waist_abs_p95,pitch_abs_p95_moving,pitch_lr_antisym_corr,pitch_common_abs_p95,side_left_out_p95_on_right,side_right_out_p95_on_left,elbow_abs_p95_moving,waist_abs_p95_moving,residual_abs_p95
logs/2026-05-14-15-08-00/nn/model_500.pth,0.0390625,0.15554988384246826,0.11790851503610611,0.095630943775177,0.43641525506973267,0.05316032096743584,0.07235469669103622,0.07502489537000656,0.2133106291294098,0.9300870895385742,0.07698211818933487,0.1942671537399292,0.20205391943454742,0.10749778896570206,0.10392769426107407,0.02512677200138569
