{
  "seconds": 60.0,
  "reset_steps": [],
  "reset_frac": 0.0,
  "linErrorMean": 0.2700321750819346,
  "linErrorRms": 0.3818775813006584,
  "linErrorP95": 0.8474100828170776,
  "yawErrorMean": 0.10406674167888233,
  "yawErrorRms": 0.15106712015166934,
  "yawErrorP95": 0.3507116436958313,
  "tilt_mean": 0.04026154334877682,
  "tilt_rms": 0.04565272873567339,
  "tilt_p95": 0.07849964499473572,
  "tilt_max": 0.1279168426990509,
  "base_ang_vel_xy_rms": 0.4418041643629097,
  "shoulder_pitch_abs_p95": 0.31081435084342957,
  "shoulder_roll_abs_p95": 0.1700596660375595,
  "left_shoulder_pitch_mean": -0.19706017791557504,
  "left_shoulder_roll_mean": 0.09744473134526417,
  "right_shoulder_pitch_mean": -0.21177041113512102,
  "right_shoulder_roll_mean": -0.10204230437205669,
  "arm_action_saturation_frac": 0.0
}