{
  "seconds": 60.0,
  "reset_steps": [],
  "reset_frac": 0.0,
  "linErrorMean": 0.2714919646997968,
  "linErrorRms": 0.38313047457794963,
  "linErrorP95": 0.8523925542831421,
  "yawErrorMean": 0.10367952985400013,
  "yawErrorRms": 0.15166608930051062,
  "yawErrorP95": 0.35725638270378113,
  "tilt_mean": 0.04020075452738795,
  "tilt_rms": 0.04555268005355783,
  "tilt_p95": 0.07832369953393936,
  "tilt_max": 0.121159128844738,
  "base_ang_vel_xy_rms": 0.44168284216603765,
  "shoulder_pitch_abs_p95": 0.20150123536586761,
  "shoulder_roll_abs_p95": 0.14000004529953003,
  "left_shoulder_pitch_mean": 0.06052384203142318,
  "left_shoulder_roll_mean": -0.12411929789320406,
  "right_shoulder_pitch_mean": -0.0495856522634645,
  "right_shoulder_roll_mean": 0.1251027264808915,
  "arm_action_saturation_frac": 0.0
}