{
  "checkpoint": "logs/2026-04-29-18-41-41_t1_omni_s8_mirrorloss_from400_6144_i100/nn/model_100.pth",
  "command": {
    "vx": 0.0,
    "vy": 0.0,
    "yaw": 0.0
  },
  "counts": {
    "falls": 0,
    "resets": 0,
    "steps": 1500,
    "timeouts": 0
  },
  "judgement": {
    "stable_ok": true,
    "standing_ok": true,
    "symmetry_ok": false,
    "tracking_ok": true
  },
  "metrics": {
    "Metrics/action_jerk": 0.03200952708721161,
    "Metrics/base_height_error": 0.019278032705187798,
    "Metrics/base_roll_pitch": 0.15608792006969452,
    "Metrics/command_error_x": 0.002664807252585888,
    "Metrics/command_error_y": 0.0021360344253480434,
    "Metrics/command_error_yaw": 0.0284735020250082,
    "Metrics/fall_rate": 0.0,
    "Metrics/fast_policy_forward_speed": 0.0,
    "Metrics/foot_clearance_asymmetry": 0.28827178478240967,
    "Metrics/foot_slip_asymmetry": 0.42287206649780273,
    "Metrics/foot_slip_energy": 0.13470736145973206,
    "Metrics/left_stance_time": 29.96611976623535,
    "Metrics/left_step_count": 0.671875,
    "Metrics/leg_action_magnitude_asymmetry": 0.07821598649024963,
    "Metrics/moving_command_error_xy": 0.0,
    "Metrics/moving_command_error_yaw": 0.0,
    "Metrics/policy_forward_speed": 0.00034896863508038223,
    "Metrics/policy_lateral_speed": 0.0021360344253480434,
    "Metrics/policy_yaw_rate": 0.0284735020250082,
    "Metrics/right_stance_time": 29.94986915588379,
    "Metrics/right_step_count": 0.65625,
    "Metrics/stance_time_asymmetry": 0.000448542064987123,
    "Metrics/standing_policy_speed": 0.0036818983498960733,
    "Metrics/step_length_asymmetry": 0.6194223761558533,
    "Metrics/swing_time_asymmetry": 0.3888764977455139,
    "Metrics/time_out_rate": 0.0
  },
  "num_envs": 64,
  "steps": 1500
}