{
  "seconds": 60.0,
  "reset_steps": [],
  "reset_frac": 0.0,
  "linErrorMean": 0.27007079180639143,
  "linErrorRms": 0.38211173009622096,
  "linErrorP95": 0.8527500629425049,
  "yawErrorMean": 0.10049441570947991,
  "yawErrorRms": 0.14941374778869052,
  "yawErrorP95": 0.35706502199172974,
  "tilt_mean": 0.04025241303767463,
  "tilt_rms": 0.04563928817261899,
  "tilt_p95": 0.07738596200942993,
  "tilt_max": 0.12639249861240387,
  "base_ang_vel_xy_rms": 0.44732927324803634,
  "shoulder_pitch_abs_p95": 0.1302776038646698,
  "shoulder_roll_abs_p95": 0.1442919224500656,
  "arm_action_saturation_frac": 0.0
}