{
  "task": "T1Shoulder4GaitPhaseSwing_from7000LegFrozen_train400",
  "checkpoint": "logs/2026-05-08-11-58-10/nn/model_400.pth",
  "arm_names": [
    "Left_Shoulder_Pitch",
    "Left_Shoulder_Roll",
    "Right_Shoulder_Pitch",
    "Right_Shoulder_Roll"
  ],
  "samples": 128000,
  "num_envs": 256,
  "seconds": 12.0,
  "mode": "parallel fixed random command per env",
  "Left_Shoulder_Pitch": {
    "q": {
      "mean": -0.04207516461610794,
      "std": 0.11813577264547348,
      "abs_p50": 0.09389948844909668,
      "abs_p95": 0.2370967723429203,
      "p05": -0.23709677234292031,
      "p95": 0.13277050405740734,
      "range90": 0.3698672764003277,
      "max_abs": 0.3324190378189087
    },
    "action": {
      "mean": -0.06263478845357895,
      "std": 0.2315850555896759,
      "abs_p50": 0.1841568723320961,
      "abs_p95": 0.43531313836574553,
      "p05": -0.42660549879074094,
      "p95": 0.2922116413712501,
      "range90": 0.718817140161991,
      "max_abs": 0.6280620098114014
    },
    "action_sat_frac": 0.0
  },
  "Left_Shoulder_Roll": {
    "q": {
      "mean": -0.1266702264547348,
      "std": 0.019571278244256973,
      "abs_p50": 0.1265130490064621,
      "abs_p95": 0.1595647946000099,
      "p05": -0.1595647946000099,
      "p95": -0.0952343549579382,
      "range90": 0.06433043964207172,
      "max_abs": 0.2033478319644928
    },
    "action": {
      "mean": -0.5494951605796814,
      "std": 0.0018647878896445036,
      "abs_p50": 0.5498926043510437,
      "abs_p95": 0.5499966740608215,
      "p05": -0.5499966740608215,
      "p95": -0.5481066107749939,
      "range90": 0.0018900632858276367,
      "max_abs": 0.5499998331069946
    },
    "action_sat_frac": 0.0
  },
  "Right_Shoulder_Pitch": {
    "q": {
      "mean": -0.2938793897628784,
      "std": 0.10008694231510162,
      "abs_p50": 0.3282576948404312,
      "abs_p95": 0.38697861433029174,
      "p05": -0.38697861433029174,
      "p95": -0.07331771515309828,
      "range90": 0.3136608991771935,
      "max_abs": 0.4762210249900818
    },
    "action": {
      "mean": -0.6091618537902832,
      "std": 0.19983825087547302,
      "abs_p50": 0.7027158141136169,
      "abs_p95": 0.7494893103837967,
      "p05": -0.7494893103837967,
      "p95": -0.1568634755909458,
      "range90": 0.5926258347928509,
      "max_abs": 0.7499682903289795
    },
    "action_sat_frac": 0.0
  },
  "Right_Shoulder_Roll": {
    "q": {
      "mean": 0.1289052665233612,
      "std": 0.01909322664141655,
      "abs_p50": 0.12991207093000412,
      "abs_p95": 0.1597646452486515,
      "p05": 0.09645582772791386,
      "p95": 0.1597646452486515,
      "range90": 0.06330881752073764,
      "max_abs": 0.1993466317653656
    },
    "action": {
      "mean": 0.5497031807899475,
      "std": 0.0009911373490467668,
      "abs_p50": 0.5499440431594849,
      "abs_p95": 0.5499987006187439,
      "p05": 0.5488039255142212,
      "p95": 0.5499987006187439,
      "range90": 0.001194775104522705,
      "max_abs": 0.5499999523162842
    },
    "action_sat_frac": 0.0
  },
  "pitch_symmetry": {
    "corr_left_vs_neg_right_q": 0.5293200016021729,
    "std_ratio_left_over_right_q": 1.1803314685821533,
    "range90_ratio_left_over_right_q": 1.179194720701805,
    "abs_p95_ratio_left_over_right_q": 0.6126870156720207,
    "corr_left_action_vs_neg_right_action": 0.511089563369751,
    "std_ratio_left_over_right_action": 1.1588624715805054
  },
  "roll_symmetry": {
    "corr_left_vs_neg_right_q": -0.8993291854858398,
    "std_ratio_left_over_right_q": 1.0250377655029297,
    "range90_ratio_left_over_right_q": 1.0161371221473128,
    "abs_p95_ratio_left_over_right_q": 0.9987490934034213
  }
}