{
  "task": "T1Shoulder4GaitPhaseNightILowBaseHighDynamic_from7000LegFrozen_train400",
  "arm_checkpoint": "logs/2026-05-12-11-50-54/nn/model_400.pth",
  "results": [
    {
      "name": "left_1.5",
      "left_roll_min": 0.10041796416044235,
      "left_roll_max": 0.19605539739131927,
      "right_roll_min": -0.20582881569862366,
      "right_roll_max": -0.11675641685724258,
      "left_margin_to_0.3": 0.10394460260868071,
      "right_margin_to_-0.3": 0.09417118430137633,
      "left_frac_gt_0.28": 0.0,
      "left_frac_gt_0.295": 0.0,
      "right_frac_lt_-0.28": 0.0,
      "right_frac_lt_-0.295": 0.0,
      "left_roll_action_sat_frac": 0.0,
      "right_roll_action_sat_frac": 0.0,
      "any_arm_action_sat_frac": 0.0,
      "samples": 76800
    },
    {
      "name": "right_1.5",
      "left_roll_min": 0.11164022982120514,
      "left_roll_max": 0.23838643729686737,
      "right_roll_min": -0.21969632804393768,
      "right_roll_max": -0.12170708924531937,
      "left_margin_to_0.3": 0.06161356270313262,
      "right_margin_to_-0.3": 0.0803036719560623,
      "left_frac_gt_0.28": 0.0,
      "left_frac_gt_0.295": 0.0,
      "right_frac_lt_-0.28": 0.0,
      "right_frac_lt_-0.295": 0.0,
      "left_roll_action_sat_frac": 0.0,
      "right_roll_action_sat_frac": 0.0,
      "any_arm_action_sat_frac": 0.0,
      "samples": 76800
    },
    {
      "name": "diag_fl_1.5",
      "left_roll_min": 0.0843643993139267,
      "left_roll_max": 0.1905805915594101,
      "right_roll_min": -0.20779471099376678,
      "right_roll_max": -0.07323876023292542,
      "left_margin_to_0.3": 0.1094194084405899,
      "right_margin_to_-0.3": 0.0922052890062332,
      "left_frac_gt_0.28": 0.0,
      "left_frac_gt_0.295": 0.0,
      "right_frac_lt_-0.28": 0.0,
      "right_frac_lt_-0.295": 0.0,
      "left_roll_action_sat_frac": 0.0,
      "right_roll_action_sat_frac": 0.0,
      "any_arm_action_sat_frac": 0.0,
      "samples": 76800
    },
    {
      "name": "diag_fr_1.5",
      "left_roll_min": 0.07808255404233932,
      "left_roll_max": 0.23842406272888184,
      "right_roll_min": -0.20691731572151184,
      "right_roll_max": -0.10390102863311768,
      "left_margin_to_0.3": 0.06157593727111815,
      "right_margin_to_-0.3": 0.09308268427848815,
      "left_frac_gt_0.28": 0.0,
      "left_frac_gt_0.295": 0.0,
      "right_frac_lt_-0.28": 0.0,
      "right_frac_lt_-0.295": 0.0,
      "left_roll_action_sat_frac": 0.0,
      "right_roll_action_sat_frac": 0.0,
      "any_arm_action_sat_frac": 0.0,
      "samples": 76800
    },
    {
      "name": "diag_br_1.5",
      "left_roll_min": 0.060416240245103836,
      "left_roll_max": 0.2171822041273117,
      "right_roll_min": -0.21054424345493317,
      "right_roll_max": -0.08817954361438751,
      "left_margin_to_0.3": 0.08281779587268828,
      "right_margin_to_-0.3": 0.08945575654506682,
      "left_frac_gt_0.28": 0.0,
      "left_frac_gt_0.295": 0.0,
      "right_frac_lt_-0.28": 0.0,
      "right_frac_lt_-0.295": 0.0,
      "left_roll_action_sat_frac": 0.0,
      "right_roll_action_sat_frac": 0.0,
      "any_arm_action_sat_frac": 0.0,
      "samples": 76800
    },
    {
      "name": "right1.0_yaw_r0.75",
      "left_roll_min": 0.10905444622039795,
      "left_roll_max": 0.2226320505142212,
      "right_roll_min": -0.21061240136623383,
      "right_roll_max": -0.13156738877296448,
      "left_margin_to_0.3": 0.0773679494857788,
      "right_margin_to_-0.3": 0.08938759863376616,
      "left_frac_gt_0.28": 0.0,
      "left_frac_gt_0.295": 0.0,
      "right_frac_lt_-0.28": 0.0,
      "right_frac_lt_-0.295": 0.0,
      "left_roll_action_sat_frac": 0.0,
      "right_roll_action_sat_frac": 0.0,
      "any_arm_action_sat_frac": 0.0,
      "samples": 76800
    }
  ]
}