{
  "task": "T1Shoulder4GaitPhaseNightJLowBaseLockedDynamic_from7000LegFrozen_train400",
  "arm_checkpoint": "logs/2026-05-12-14-06-21/nn/model_400.pth",
  "results": [
    {
      "name": "left_1.0",
      "cmd": [
        0.0,
        1.0,
        0.0
      ],
      "left_pitch": {
        "mean": -0.12263845652341843,
        "p05": -0.15493807196617126,
        "p50": -0.12393740564584732,
        "p95": -0.0891336053609848,
        "range_p95_p05": 0.06580446660518646
      },
      "right_pitch": {
        "mean": -0.14735755324363708,
        "p05": -0.18110458552837372,
        "p50": -0.1493181586265564,
        "p95": -0.11389148235321045,
        "range_p95_p05": 0.06721310317516327
      },
      "left_roll": {
        "mean": 0.06472738087177277,
        "p05": -7.914571220624111e-09,
        "p50": 0.04437006264925003,
        "p95": 0.1738746613264084,
        "range_p95_p05": 0.17387467622756958
      },
      "right_roll": {
        "mean": -0.0767439752817154,
        "p05": -0.1840931624174118,
        "p50": -0.05634633079171181,
        "p95": -2.2450421965913847e-05,
        "range_p95_p05": 0.18407070636749268
      },
      "left_al2_rel_z": {
        "mean": 0.21751146018505096,
        "p05": 0.21037554740905762,
        "p50": 0.21705055236816406,
        "p95": 0.2255452424287796,
        "range_p95_p05": 0.015169695019721985
      },
      "right_ar2_rel_z": {
        "mean": 0.22019745409488678,
        "p05": 0.21329265832901,
        "p50": 0.2201562225818634,
        "p95": 0.22782696783542633,
        "range_p95_p05": 0.01453430950641632
      },
      "left_out": {
        "mean": 0.2030736654996872,
        "p05": 0.08362654596567154,
        "p50": 0.19617900252342224,
        "p95": 0.32182514667510986,
        "range_p95_p05": 0.23819860816001892
      },
      "right_out": {
        "mean": 0.24521206319332123,
        "p05": 0.07291076332330704,
        "p50": 0.24976295232772827,
        "p95": 0.3838382363319397,
        "range_p95_p05": 0.31092748045921326
      },
      "foot_delta": {
        "mean": -0.04213840886950493,
        "p05": -0.147775799036026,
        "p50": -0.03176265209913254,
        "p95": 0.04198300093412399,
        "range_p95_p05": 0.1897588074207306
      },
      "left_extra": {
        "mean": 0.0949212834239006,
        "p05": 0.0,
        "p50": 0.0,
        "p95": 0.49391764402389526,
        "range_p95_p05": 0.49391764402389526
      },
      "right_extra": {
        "mean": 0.4551519751548767,
        "p05": 0.0,
        "p50": 0.3736782670021057,
        "p95": 1.0,
        "range_p95_p05": 1.0
      },
      "left_roll_action": {
        "mean": -0.26686879992485046,
        "p05": -0.8972083926200867,
        "p50": -0.747621476650238,
        "p95": 0.7493277192115784,
        "range_p95_p05": 1.646536111831665
      },
      "right_roll_action": {
        "mean": 0.10413099825382233,
        "p05": -0.8249110579490662,
        "p50": 0.09719473123550415,
        "p95": 0.8991508483886719,
        "range_p95_p05": 1.7240619659423828
      },
      "roll_mean_abs": 0.07073567807674408,
      "roll_dyn_avg": 0.17897269129753113,
      "al2_ar2_z_dyn_avg": 0.014852002263069153
    },
    {
      "name": "right_1.0",
      "cmd": [
        0.0,
        -1.0,
        0.0
      ],
      "left_pitch": {
        "mean": -0.1922905147075653,
        "p05": -0.2271571010351181,
        "p50": -0.19207704067230225,
        "p95": -0.15693338215351105,
        "range_p95_p05": 0.07022371888160706
      },
      "right_pitch": {
        "mean": -0.24928943812847137,
        "p05": -0.2775334119796753,
        "p50": -0.2502470016479492,
        "p95": -0.22001037001609802,
        "range_p95_p05": 0.05752304196357727
      },
      "left_roll": {
        "mean": 0.0033828909508883953,
        "p05": -1.811867456069649e-08,
        "p50": 0.0001845482038334012,
        "p95": 0.014980984851717949,
        "range_p95_p05": 0.014981002546846867
      },
      "right_roll": {
        "mean": -0.003755754791200161,
        "p05": -0.014421791769564152,
        "p50": -0.0003443211317062378,
        "p95": 3.811200258496683e-06,
        "range_p95_p05": 0.014425602741539478
      },
      "left_al2_rel_z": {
        "mean": 0.21429429948329926,
        "p05": 0.2050245851278305,
        "p50": 0.21389240026474,
        "p95": 0.22392535209655762,
        "range_p95_p05": 0.018900766968727112
      },
      "right_ar2_rel_z": {
        "mean": 0.22183646261692047,
        "p05": 0.2132806032896042,
        "p50": 0.2214207947254181,
        "p95": 0.2301434874534607,
        "range_p95_p05": 0.016862884163856506
      },
      "left_out": {
        "mean": 0.2200344353914261,
        "p05": 0.04320446401834488,
        "p50": 0.22426290810108185,
        "p95": 0.36690863966941833,
        "range_p95_p05": 0.32370418310165405
      },
      "right_out": {
        "mean": 0.21115295588970184,
        "p05": 0.09925556927919388,
        "p50": 0.20596350729465485,
        "p95": 0.3213655352592468,
        "range_p95_p05": 0.22210997343063354
      },
      "foot_delta": {
        "mean": 0.008881478570401669,
        "p05": -0.09275561571121216,
        "p50": -2.2843480110168457e-05,
        "p95": 0.11107749491930008,
        "range_p95_p05": 0.20383310317993164
      },
      "left_extra": {
        "mean": 0.3028944134712219,
        "p05": 0.0,
        "p50": 0.0,
        "p95": 1.0,
        "range_p95_p05": 1.0
      },
      "right_extra": {
        "mean": 0.21977369487285614,
        "p05": 0.0,
        "p50": 0.000268746807705611,
        "p95": 1.0,
        "range_p95_p05": 1.0
      },
      "left_roll_action": {
        "mean": -0.866756021976471,
        "p05": -0.8958991765975952,
        "p50": -0.8905673027038574,
        "p95": -0.7662678956985474,
        "range_p95_p05": 0.12963128089904785
      },
      "right_roll_action": {
        "mean": 0.8933876156806946,
        "p05": 0.8851615786552429,
        "p50": 0.8951143622398376,
        "p95": 0.8989894986152649,
        "range_p95_p05": 0.013827919960021973
      },
      "roll_mean_abs": 0.003569322871044278,
      "roll_dyn_avg": 0.014703302644193172,
      "al2_ar2_z_dyn_avg": 0.01788182556629181
    },
    {
      "name": "left_1.5",
      "cmd": [
        0.0,
        1.5,
        0.0
      ],
      "left_pitch": {
        "mean": -0.13230223953723907,
        "p05": -0.16367509961128235,
        "p50": -0.13517308235168457,
        "p95": -0.08943480998277664,
        "range_p95_p05": 0.0742402896285057
      },
      "right_pitch": {
        "mean": -0.13309870660305023,
        "p05": -0.18308541178703308,
        "p50": -0.13292144238948822,
        "p95": -0.08733995258808136,
        "range_p95_p05": 0.09574545919895172
      },
      "left_roll": {
        "mean": 0.08481072634458542,
        "p05": -8.978273235982215e-09,
        "p50": 0.08858253061771393,
        "p95": 0.19141609966754913,
        "range_p95_p05": 0.19141611456871033
      },
      "right_roll": {
        "mean": -0.10138173401355743,
        "p05": -0.211371049284935,
        "p50": -0.09301377832889557,
        "p95": -0.00014549886691384017,
        "range_p95_p05": 0.21122555434703827
      },
      "left_al2_rel_z": {
        "mean": 0.2191377431154251,
        "p05": 0.20855221152305603,
        "p50": 0.2182255983352661,
        "p95": 0.22912847995758057,
        "range_p95_p05": 0.020576268434524536
      },
      "right_ar2_rel_z": {
        "mean": 0.2197013646364212,
        "p05": 0.20942085981369019,
        "p50": 0.220436692237854,
        "p95": 0.22899824380874634,
        "range_p95_p05": 0.019577383995056152
      },
      "left_out": {
        "mean": 0.2546336054801941,
        "p05": 0.11633554846048355,
        "p50": 0.2503974139690399,
        "p95": 0.3806968033313751,
        "range_p95_p05": 0.26436126232147217
      },
      "right_out": {
        "mean": 0.26273712515830994,