{
  "seconds": 60.0,
  "reset_steps": [],
  "reset_frac": 0.0,
  "linErrorMean": 0.27128732153728347,
  "linErrorRms": 0.3832352419348842,
  "linErrorP95": 0.8552857041358948,
  "yawErrorMean": 0.10366493091420752,
  "yawErrorRms": 0.15144138499811033,
  "yawErrorP95": 0.35554420948028564,
  "tilt_mean": 0.040186786831774075,
  "tilt_rms": 0.04568924878299138,
  "tilt_p95": 0.07840444892644882,
  "tilt_max": 0.128554105758667,
  "base_ang_vel_xy_rms": 0.43891176326552817,
  "shoulder_pitch_abs_p95": 0.16181686520576477,
  "shoulder_roll_abs_p95": 0.040003702044487,
  "left_shoulder_pitch_mean": -0.02538468508784741,
  "left_shoulder_roll_mean": -0.03426998198668147,
  "right_shoulder_pitch_mean": -0.013831323828296795,
  "right_shoulder_roll_mean": 0.03710136617855008,
  "arm_action_saturation_frac": 0.0
}