{
  "seconds": 60.0,
  "reset_steps": [],
  "reset_frac": 0.0,
  "linErrorMean": 0.27090196549270207,
  "linErrorRms": 0.3833952464335921,
  "linErrorP95": 0.8549373745918274,
  "yawErrorMean": 0.10538386077455501,
  "yawErrorRms": 0.1528805634958477,
  "yawErrorP95": 0.3554565906524658,
  "tilt_mean": 0.040186947798356416,
  "tilt_rms": 0.0455353410481873,
  "tilt_p95": 0.07798048108816147,
  "tilt_max": 0.12647441029548645,
  "base_ang_vel_xy_rms": 0.438969684191455,
  "shoulder_pitch_abs_p95": 0.17854155600070953,
  "shoulder_roll_abs_p95": 0.23288878798484802,
  "left_shoulder_pitch_mean": -0.017861781281238203,
  "left_shoulder_roll_mean": 0.17181761662068412,
  "right_shoulder_pitch_mean": -0.03451429259042172,
  "right_shoulder_roll_mean": -0.1638126056863397,
  "arm_action_saturation_frac": 0.0
}