{
  "seconds": 60.0,
  "reset_steps": [],
  "reset_frac": 0.0,
  "linErrorMean": 0.27094234316764354,
  "linErrorRms": 0.38279327779199956,
  "linErrorP95": 0.8541793823242188,
  "yawErrorMean": 0.10551188917846643,
  "yawErrorRms": 0.15263152229773755,
  "yawErrorP95": 0.3538220524787903,
  "tilt_mean": 0.04028117325048541,
  "tilt_rms": 0.04563315673238244,
  "tilt_p95": 0.07828406989574432,
  "tilt_max": 0.12622977793216705,
  "base_ang_vel_xy_rms": 0.4402038260001091,
  "shoulder_pitch_abs_p95": 0.24137325584888458,
  "shoulder_roll_abs_p95": 0.08124249428510666,
  "left_shoulder_pitch_mean": -0.05386234142073151,
  "left_shoulder_roll_mean": 0.0514024977753188,
  "right_shoulder_pitch_mean": -0.09218349756838695,
  "right_shoulder_roll_mean": -0.05120006205311277,
  "arm_action_saturation_frac": 0.0
}