{
  "seconds": 60.0,
  "reset_steps": [],
  "reset_frac": 0.0,
  "linErrorMean": 0.2724206753772009,
  "linErrorRms": 0.3838818919944716,
  "linErrorP95": 0.8520722389221191,
  "yawErrorMean": 0.09928186366519216,
  "yawErrorRms": 0.14845301462493493,
  "yawErrorP95": 0.35964593291282654,
  "tilt_mean": 0.0408472402976597,
  "tilt_rms": 0.04626402980802886,
  "tilt_p95": 0.07936783879995346,
  "tilt_max": 0.12099787592887878,
  "base_ang_vel_xy_rms": 0.44411534324013374,
  "shoulder_pitch_abs_p95": 0.24843451380729675,
  "shoulder_roll_abs_p95": 0.1591319441795349,
  "arm_action_saturation_frac": 0.0
}