{
  "seconds": 60.0,
  "reset_steps": [],
  "reset_frac": 0.0,
  "linErrorMean": 0.27078555298021767,
  "linErrorRms": 0.38265847933434294,
  "linErrorP95": 0.8499525189399719,
  "yawErrorMean": 0.11196436868924578,
  "yawErrorRms": 0.15919163778111556,
  "yawErrorP95": 0.36475443840026855,
  "tilt_mean": 0.04005247953107002,
  "tilt_rms": 0.045339205151836294,
  "tilt_p95": 0.07775605469942093,
  "tilt_max": 0.12241660803556442,
  "base_ang_vel_xy_rms": 0.4315722015683818,
  "shoulder_pitch_abs_p95": 0.34111669659614563,
  "shoulder_roll_abs_p95": 0.21489951014518738,
  "left_shoulder_pitch_mean": 0.10168370801393958,
  "left_shoulder_roll_mean": 0.041456730582064553,
  "right_shoulder_pitch_mean": -0.09014208702640612,
  "right_shoulder_roll_mean": -0.01975999082631571,
  "arm_action_saturation_frac": 0.0
}