{
  "seconds": 60.0,
  "reset_steps": [],
  "reset_frac": 0.0,
  "linErrorMean": 0.2696330415931177,
  "linErrorRms": 0.38108384775974685,
  "linErrorP95": 0.8501031994819641,
  "yawErrorMean": 0.10977031005863581,
  "yawErrorRms": 0.1568454425888789,
  "yawErrorP95": 0.3646695613861084,
  "tilt_mean": 0.04026108614848485,
  "tilt_rms": 0.045490580628292865,
  "tilt_p95": 0.07732199132442474,
  "tilt_max": 0.11457712948322296,
  "base_ang_vel_xy_rms": 0.4407985749886175,
  "shoulder_pitch_abs_p95": 0.3686319887638092,
  "shoulder_roll_abs_p95": 0.15938590466976166,
  "arm_action_saturation_frac": 0.0
}