{
  "checkpoint": "logs/2026-04-29-18-41-41_t1_omni_s8_mirrorloss_from400_6144_i100/nn/model_100.pth",
  "command": {
    "vx": 0.6,
    "vy": 0.3,
    "yaw": 0.4
  },
  "counts": {
    "falls": 0,
    "resets": 0,
    "steps": 1500,
    "timeouts": 0
  },
  "judgement": {
    "stable_ok": true,
    "standing_ok": true,
    "symmetry_ok": false,
    "tracking_ok": true
  },
  "metrics": {
    "Metrics/action_jerk": 0.05908424034714699,
    "Metrics/base_height_error": 0.014910701662302017,
    "Metrics/base_roll_pitch": 0.11174730956554413,
    "Metrics/command_error_x": 0.02603202313184738,
    "Metrics/command_error_y": 0.04878503456711769,
    "Metrics/command_error_yaw": 0.06775340437889099,
    "Metrics/fall_rate": 0.0,
    "Metrics/fast_policy_forward_speed": 0.6087399125099182,
    "Metrics/foot_clearance_asymmetry": 0.11965072900056839,
    "Metrics/foot_slip_asymmetry": 0.15052419900894165,
    "Metrics/foot_slip_energy": 0.2854083180427551,
    "Metrics/left_stance_time": 17.66240119934082,
    "Metrics/left_step_count": 45.0,
    "Metrics/leg_action_magnitude_asymmetry": 0.11111000180244446,
    "Metrics/moving_command_error_xy": 0.05979173630475998,
    "Metrics/moving_command_error_yaw": 0.06775340437889099,
    "Metrics/policy_forward_speed": 0.6087399125099182,
    "Metrics/policy_lateral_speed": 0.28167736530303955,
    "Metrics/policy_yaw_rate": 0.3551764488220215,
    "Metrics/right_stance_time": 20.55402946472168,
    "Metrics/right_step_count": 45.734375,
    "Metrics/stance_time_asymmetry": 0.0756632536649704,
    "Metrics/standing_policy_speed": 0.0,
    "Metrics/step_length_asymmetry": 0.005044974386692047,
    "Metrics/swing_time_asymmetry": 0.13275253772735596,
    "Metrics/time_out_rate": 0.0
  },
  "num_envs": 64,
  "steps": 1500
}