{
  "seconds": 60.0,
  "reset_steps": [],
  "reset_frac": 0.0,
  "linErrorMean": 0.2687521467616898,
  "linErrorRms": 0.3805476507276663,
  "linErrorP95": 0.8490356206893921,
  "yawErrorMean": 0.10076093965932599,
  "yawErrorRms": 0.14902809909177572,
  "yawErrorP95": 0.3571781516075134,
  "tilt_mean": 0.040528936371275484,
  "tilt_rms": 0.04581042894474096,
  "tilt_p95": 0.07857901602983475,
  "tilt_max": 0.12221364676952362,
  "base_ang_vel_xy_rms": 0.44949232766532404,
  "shoulder_pitch_abs_p95": 0.35103365778923035,
  "shoulder_roll_abs_p95": 0.15406164526939392,
  "left_shoulder_pitch_mean": -0.12698127863372694,
  "left_shoulder_roll_mean": 0.05204340423647792,
  "right_shoulder_pitch_mean": -0.15787713352328364,
  "right_shoulder_roll_mean": -0.05330788770762605,
  "arm_action_saturation_frac": 0.0
}