{
  "seconds": 60.0,
  "reset_steps": [],
  "reset_frac": 0.0,
  "linErrorMean": 0.2713374375939321,
  "linErrorRms": 0.3820891688583664,
  "linErrorP95": 0.8502572178840637,
  "yawErrorMean": 0.10374711623505674,
  "yawErrorRms": 0.15106545058333187,
  "yawErrorP95": 0.3552626371383667,
  "tilt_mean": 0.04053858667796734,
  "tilt_rms": 0.04587734703265377,
  "tilt_p95": 0.07891818135976791,
  "tilt_max": 0.12087250500917435,
  "base_ang_vel_xy_rms": 0.43732478400775887,
  "shoulder_pitch_abs_p95": 0.3003365397453308,
  "shoulder_roll_abs_p95": 0.09013219177722931,
  "left_shoulder_pitch_mean": -0.13355112684508766,
  "left_shoulder_roll_mean": 0.008917363136743097,
  "right_shoulder_pitch_mean": -0.1863504214926446,
  "right_shoulder_roll_mean": -0.010959295776941755,
  "arm_action_saturation_frac": 0.0
}