{
  "task": "T1Upper9CameraStableOfficialOpenLeg18LegResidualSpeedPush_train300",
  "results": [
    {
      "checkpoint": "logs/2026-05-14-15-08-00/nn/model_600.pth",
      "reset_events_per_env": 0.03125,
      "lin_error_mean": 0.16293103992938995,
      "yaw_error_mean": 0.12730322778224945,
      "camera_tilt_p95": 0.10459558665752411,
      "camera_ang_xy_rms": 0.4448625445365906,
      "stand_shoulder_abs_p95": 0.05611472576856613,
      "stand_elbow_abs_p95": 0.0751093402504921,
      "stand_waist_abs_p95": 0.07843565195798874,
      "pitch_abs_p95_moving": 0.2127920389175415,
      "pitch_lr_antisym_corr": 0.9294491410255432,
      "pitch_common_abs_p95": 0.07655659317970276,
      "side_left_out_p95_on_right": 0.19397114217281342,
      "side_right_out_p95_on_left": 0.20449857413768768,
      "elbow_abs_p95_moving": 0.1051047146320343,
      "waist_abs_p95_moving": 0.1086609959602356,
      "residual_abs_p95": 0.0318000465631485
    }
  ]
}
