{
  "task": "T1Upper9CameraStableOfficialOpenLeg18LegResidualBalanceCap_train300",
  "results": [
    {
      "checkpoint": "logs/2026-05-14-14-07-34/nn/model_150.pth",
      "reset_events_per_env": 0.015625,
      "lin_error_mean": 0.1611233353614807,
      "yaw_error_mean": 0.1051492765545845,
      "camera_tilt_p95": 0.10589056462049484,
      "camera_ang_xy_rms": 0.49204447865486145,
      "stand_shoulder_abs_p95": 0.05170956626534462,
      "stand_elbow_abs_p95": 0.07309870421886444,
      "stand_waist_abs_p95": 0.07746315747499466,
      "pitch_abs_p95_moving": 0.21069270372390747,
      "pitch_lr_antisym_corr": 0.927678644657135,
      "pitch_common_abs_p95": 0.07679396867752075,
      "side_left_out_p95_on_right": 0.19589874148368835,
      "side_right_out_p95_on_left": 0.19257491827011108,
      "elbow_abs_p95_moving": 0.10513628274202347,
      "waist_abs_p95_moving": 0.11056911945343018,
      "residual_abs_p95": 0.008569524623453617
    }
  ]
}
